0,875,1497,1385,1634,2025,1089,2522,723,1595,591,892,1253,430,1269,1594,242,1738,2466,1105,339,930,1751,1247,0,1203,908,1426,1661,1618,1566,1372,1231,1510,1399,1256,1656,169,1590,1189,1177,1406,1604,1866,417,1151,1082,2516,989,1168,1155,265,901,1243,1377,1243,1635,2143,736,731,1377,1829,1871,477,492,1227,2463,168,1664,2511,799,1257,2600,2385,1898,1641,1169,1595,1744,1721,884,1888,930,2123,1529,1852,1523,1155,1043,714,1560,2027,1150,1534,1842,476,2107,1197,1614,984
874,0,2364,2252,760,2892,1956,1412,597,2462,1458,18,380,1298,396,2461,1109,2605,1356,1973,968,1798,2619,373,0,2071,1776,2293,787,744,2434,2240,357,2378,2266,382,783,1037,2457,2057,1051,2273,2471,2734,1285,2019,1950,1406,1856,1042,2023,1132,28,370,503,369,2503,3011,1604,1598,2245,2697,2738,1344,1360,2094,1353,1035,2532,1401,1666,384,1491,1275,2766,767,2037,2463,2611,1595,1752,2756,1798,1998,2397,2719,2390,2023,1911,1581,2427,917,2017,2402,2709,1343,2975,1071,2481,1852
1477,2348,0,1049,3107,538,1090,2928,2197,381,1309,2365,2727,1539,2743,1246,1294,536,2872,924,1812,749,265,2720,0,325,720,205,3134,3091,544,1048,2704,866,755,2729,3130,1317,376,438,1383,687,362,586,1527,976,929,2922,978,1460,437,1484,2375,2717,2850,2716,376,838,839,1448,269,600,591,1586,1454,221,2869,1313,405,2916,849,2731,3006,2791,618,3114,409,364,526,1725,1141,402,851,1313,885,575,879,438,503,860,1211,2433,425,1218,620,1193,802,1398,388,591
1350,2221,1061,0,2980,1230,302,3869,2070,844,1031,2239,2600,1412,2616,223,1167,1037,3812,473,1686,1580,1374,2593,0,1083,1560,1305,3007,2965,608,29,2577,1697,1586,2602,3003,1190,847,1269,2524,579,863,1094,1400,487,449,3863,422,2515,1269,1358,2248,2590,2723,2589,894,1371,790,854,1256,1072,1099,1459,1042,1106,3810,1187,917,3857,1651,2604,3947,3731,1126,2987,1240,856,1043,3068,566,1164,554,2144,1717,1092,1710,1035,1278,1363,189,3374,1256,187,1085,907,1335,2544,866,790
1633,760,3123,3011,0,3651,2715,568,1089,3221,2217,745,373,2056,432,3220,1868,3364,633,2732,1727,2318,3378,407,0,2830,2535,3052,101,41,3193,2999,428,2120,3025,376,97,1796,3216,2816,1210,3032,3230,3493,2044,2777,2709,788,2615,1225,2782,1891,732,384,287,406,3262,3770,2363,2357,3004,3455,3497,2103,2119,2853,630,1794,3291,810,2168,394,898,491,3525,9,2795,3222,3370,1259,2510,3515,2557,1673,2093,3478,2110,2782,2670,2340,3186,639,2776,3161,3468,2102,3733,1219,3240,2611
2003,2874,538,1230,3633,0,1166,3394,2722,389,1834,2891,3253,2065,3268,1427,1820,196,3337,1449,2338,1215,419,3246,0,791,1185,671,3660,3617,703,1229,3230,1332,1220,3255,3655,1843,386,904,1849,1088,374,150,2052,1015,1455,3388,1503,1926,903,2010,2900,3242,3376,3242,339,271,1365,1974,735,164,155,2111,1980,708,3335,1839,321,3382,1315,3256,3472,3256,182,3640,874,377,192,2191,1667,139,1377,1779,1351,165,1345,903,969,1326,1392,2899,890,1399,159,1719,168,1864,365,1116
1055,1926,1086,301,2685,1164,0,3574,1775,779,736,1943,2305,1117,2321,511,872,971,3517,193,1391,1291,1341,2298,0,793,1270,1015,2712,2670,543,289,2282,1408,1296,2307,2708,895,782,980,2229,362,797,1029,1105,213,167,3568,121,2220,979,1063,1953,2295,2428,2294,829,1306,484,559,967,1007,1033,1164,747,816,3514,891,852,3562,1361,2309,3652,3436,1060,2692,950,791,977,2773,340,1478,249,1855,1427,1026,1421,745,988,1073,476,3079,966,451,1020,612,1269,2248,801,500
2925,1425,2884,4303,567,3349,4007,0,2203,3262,3509,1395,902,3348,961,4512,3160,3347,70,3329,2228,2265,3076,936,0,2682,2286,2734,527,555,3578,4290,907,2067,2323,905,522,3088,3258,2444,1756,3418,3243,3398,3335,4069,4000,225,3907,1762,2455,3183,1396,913,816,935,3257,3649,3654,3649,2660,3411,3402,3395,3411,2820,67,3086,3286,247,2114,923,335,123,3429,558,2470,3245,3337,1205,3802,3213,3849,1620,2039,3386,2056,2814,2510,2269,4478,499,2481,4452,3431,3394,3613,1747,3269,2996
723,597,2213,2101,1089,2741,1805,1800,0,2311,1307,457,819,1146,835,2310,958,2454,1744,1821,287,1109,2467,812,0,1920,1090,2142,1116,1073,2283,2088,710,1313,2115,821,1112,886,2306,1905,455,2122,2320,2583,1134,1867,1798,1794,1705,446,1872,981,467,809,801,808,2352,2859,1452,1447,2093,2545,2587,1193,1209,1943,1741,884,2380,1789,949,823,1879,1663,2614,1096,1885,2311,2460,999,1600,2604,1647,1402,1821,2568,1308,1872,1759,1430,2276,1306,1866,2250,2558,1192,2823,475,2330,1700
1602,2473,382,848,3232,388,784,3294,2322,0,1434,2491,2852,1664,2868,1044,1419,195,3238,700,1938,1115,524,2845,0,625,1086,619,3259,3217,321,847,2830,1233,1121,2854,3255,1443,9,804,2776,481,21,253,1652,633,712,3289,820,2767,804,1610,2500,2842,2975,2841,53,529,964,1574,684,231,257,1711,1580,501,3235,1439,75,3283,1215,2856,3373,3157,284,3239,775,14,201,2092,1266,322,977,1679,1252,250,1245,750,870,1161,1010,2800,791,1017,244,1319,493,2796,25,716
570,1441,1307,1033,2200,1834,737,3088,1289,1404,0,1458,1820,632,1835,1242,387,1548,3032,753,905,1097,1561,1813,0,1013,1076,1235,2227,2184,1376,1020,1797,1320,1208,1822,2222,410,1400,999,1743,924,1413,1676,619,799,730,3082,637,1734,965,577,1467,1809,1943,1809,1445,1953,546,140,1187,1639,1680,678,147,1036,3029,406,1474,3077,848,1823,3167,2951,1708,2207,979,1405,1554,2287,293,1698,579,2690,1339,1662,1333,965,853,665,1208,2594,960,1182,1652,124,1917,1763,1424,794
892,18,2382,2269,745,2910,1974,1394,615,2479,1476,0,365,1315,381,2479,1126,2623,1337,1990,986,1815,2636,358,0,2088,1793,2311,772,729,2451,2257,342,2395,2283,367,768,1054,2475,2074,1069,2291,2488,2751,1302,2036,1967,1388,1874,1059,2040,1150,16,355,488,354,2520,3028,1621,1616,2262,2714,2756,1361,1377,2112,1334,1052,2549,1382,1684,369,1472,1256,2783,752,2054,2480,2629,1294,1769,2773,1815,1708,2414,2737,2408,2040,1928,1599,2444,899,2035,2419,2727,1361,2992,1088,2499,1869
1258,385,2748,2636,374,3276,2340,903,981,2846,1842,370,0,1681,62,2845,1493,2989,968,2357,1352,2182,3003,37,0,2455,2160,2677,401,358,2818,2624,98,2200,2650,7,396,1421,2841,2441,1053,2657,2855,3118,1669,2403,2334,1123,2240,1069,2407,1516,357,18,117,12,2887,3395,1988,1982,2629,3081,3122,1728,1744,2478,965,1419,2916,1278,2050,24,1368,826,3150,381,2421,2847,2995,1339,2136,3140,2182,1753,2173,3103,2190,2407,2295,1965,2811,897,2401,2786,3093,1727,3359,1063,2865,2236
437,1308,1536,1286,2067,2064,990,2955,1156,1634,493,1325,1687,0,1702,1496,287,1777,2899,1007,772,1327,1790,1680,0,1242,1305,1465,2094,2051,1605,1274,1664,1549,1438,1689,2089,272,1629,1228,1610,1445,1643,1906,39,1053,984,2949,891,1601,1195,161,1334,1676,1810,1676,1675,2182,775,633,1416,1868,1910,51,119,1266,2896,281,1703,2944,978,1690,3034,2818,1937,2074,1208,1634,1783,2154,786,1927,832,2557,1568,1891,1562,1195,1082,784,1461,2461,1189,1436,1881,378,2146,1630,1653,1023
1275,402,2765,2653,430,3293,2357,960,998,2863,1859,387,55,1698,0,2862,1510,3006,1025,2373,1369,2198,3019,24,0,2471,2177,2694,458,415,2834,2640,115,2217,2667,57,453,1438,2858,2457,1070,2674,2872,3134,1686,2419,2350,1402,2257,1085,2424,1533,373,58,174,52,2904,3411,2004,1999,2645,3097,3139,1745,1761,2495,1022,1436,2932,1397,2067,37,1487,883,3166,438,2437,2863,3012,1356,2152,3156,2199,1770,2189,3120,2206,2423,2311,1982,2828,913,2418,2802,3110,1744,3375,1079,2882,2252
1560,2431,1259,223,3190,1428,511,4078,2279,1043,1240,2448,2810,1622,2825,0,1377,1235,4022,692,1895,1800,1572,2803,0,1302,1779,1524,3217,3174,806,245,2787,1917,1805,2812,3212,1400,1045,1489,2733,777,1061,1293,1609,685,668,4072,631,2724,1488,1567,2457,2799,2933,2799,1093,1569,999,1063,1476,1271,1297,1668,1251,1223,4019,1396,1115,4067,1870,2813,4157,3941,1324,3197,1459,1054,1241,3277,775,1362,764,2364,1936,1290,1930,1254,1498,1582,43,3584,1475,137,1284,1117,1533,2753,1064,1009
210,1081,1293,1180,1840,1821,885,2728,929,1390,387,1098,1460,293,1475,1390,0,1534,2672,901,545,1083,1547,1453,0,999,1062,1221,1867,1824,1362,1168,1437,1306,1194,1462,1862,50,1386,985,1383,1202,1399,1662,280,947,878,2722,785,1374,951,238,1107,1449,1583,1449,1431,1939,532,527,1173,1625,1667,339,355,1022,2669,46,1460,2717,751,1463,2807,2591,1694,1847,965,1391,1540,1927,680,1684,726,2330,1325,1648,1319,951,839,540,1355,2234,946,1330,1638,272,1903,1403,1410,780
1715,2586,534,1037,3345,251,974,3390,2435,196,1547,2604,2965,1777,2981,1234,1533,0,3334,890,2051,1211,415,2958,0,787,1182,667,3373,3330,511,1036,2943,1328,1217,2967,3368,1556,191,900,2889,667,176,115,1765,823,902,3384,1216,2880,900,1723,2613,2955,3089,2954,141,392,1077,1687,732,94,120,1824,1693,573,3331,1552,116,3379,1311,2969,3469,3253,147,3352,871,181,6,2188,1379,133,1090,1775,1348,113,1341,900,966,1323,1200,2896,887,1206,106,1432,356,2909,179,829
2867,1367,2826,4245,632,3292,3949,69,2145,3204,3451,1337,968,3290,1027,4454,3102,3289,0,3271,2170,2207,3018,1002,0,2624,2228,2677,592,621,3521,4233,1248,2009,2265,971,588,3030,3200,2386,1698,3360,3185,3340,3278,4011,3943,164,3849,1705,2398,3125,1338,979,881,1001,3199,3592,3597,3591,2602,3353,3344,3337,3353,2762,3,3028,3228,186,2056,989,274,175,3372,624,2412,3188,3279,1148,3744,3155,3791,1562,1981,3328,1998,2756,2452,2211,4420,441,2423,4395,3374,3336,3556,1689,3211,2938
1073,1944,923,473,2703,1450,194,3592,1793,687,754,1962,2323,1135,2339,692,890,879,3535,0,1409,1127,1177,2316,0,629,1106,851,2730,2688,451,460,2300,1244,1132,2325,2726,913,690,816,2247,182,705,937,1123,59,26,3586,133,2238,815,1081,1971,2313,2446,2312,737,1214,473,577,803,915,941,1182,765,652,3533,910,760,3580,1197,2327,3670,3454,969,2710,786,699,885,2791,413,1314,174,1691,1263,935,1257,581,825,909,657,3097,802,622,928,630,1178,2267,709,336
339,968,1829,1717,1727,2357,1421,1825,288,1927,923,985,1347,762,1363,1926,574,2070,1769,1437,0,815,2083,1340,0,1535,793,1758,1754,1712,1898,1704,1324,1041,1730,1349,1750,501,1922,1521,480,1738,1935,2198,749,1483,1414,1819,1321,471,1487,597,995,1337,1470,1336,1967,2475,1068,1063,1709,2161,2203,808,824,1559,1766,499,1996,1814,681,1351,1904,1688,2230,1734,1501,1927,2076,1024,1216,2220,1262,1427,1063,2184,1036,1487,1375,598,1891,1331,1482,1866,2174,808,2439,500,1946,1316
927,1798,770,1580,1912,1235,1292,2202,1110,1403,1292,1815,2177,1021,2193,1799,776,1233,2145,1126,822,0,962,2170,0,649,22,620,1814,1884,1375,1567,2154,198,494,2179,1825,799,1399,338,704,1215,1210,1284,1009,1178,1131,2196,1179,705,300,967,1825,2167,2300,2166,1224,1535,858,1432,546,1297,1288,1068,1438,738,2142,795,1252,2190,171,2181,2280,2064,1315,1904,356,1212,1223,999,1585,1099,1053,649,230,1272,203,611,378,235,1764,1707,318,1729,1317,1177,1499,719,1423,793
1728,2599,264,1361,3358,418,1341,3120,2448,525,1560,2617,2978,1790,2994,1557,1545,416,3063,1175,2064,941,0,2971,0,517,911,328,3385,3343,840,1360,2956,1058,639,2980,3381,1568,521,630,1575,814,506,466,1778,975,1181,3114,1229,1652,629,1736,2626,2968,3101,2967,474,718,1090,1700,395,480,471,1837,1706,433,3060,1565,470,3108,1040,2982,3198,2982,498,3365,600,510,406,1917,1392,282,1103,1505,1077,455,1071,629,695,1052,1523,2625,616,1530,500,1445,682,1589,509,842
1257,384,2747,2635,410,3275,2339,939,980,2845,1841,369,35,1680,26,2844,1492,2988,1004,2355,1351,2180,3002,0,0,2454,2159,2676,437,394,2817,2622,97,2199,2649,36,432,1420,2840,2439,1052,2656,2854,3117,1668,2401,2332,1384,2239,1067,2406,1515,355,23,153,31,2886,3393,1987,1981,2627,3079,3121,1727,1743,2477,1001,1418,2914,1379,2049,15,1469,862,3148,417,2419,2845,2994,1338,2134,3138,2181,1752,2172,3102,2188,2406,2294,1964,2810,896,2400,2784,3092,1726,3357,1061,2864,2234
4517,3714,4476,5894,3661,4941,5599,2512,3795,4854,5101,3696,3738,4940,3753,6104,4751,4939,2453,4921,3820,3856,4668,3731,0,4274,3877,4326,3564,3633,5170,5882,3656,3658,3914,3718,3575,4679,4849,4036,3348,5010,4835,4989,4927,5661,5592,2292,5499,3354,4047,4775,3711,3727,3747,3727,4849,5241,5246,5241,4251,5003,4994,4986,5002,4412,2450,4677,4877,2269,3706,3741,2181,2618,5021,3653,4061,4837,4929,2797,5394,4805,5440,3211,3631,4978,3648,4406,4102,3861,6069,3112,4072,6044,5023,4986,5205,3339,4861,4588
1202,2073,325,1103,2832,790,815,2731,1922,623,1034,2090,2452,1264,2468,1322,1019,787,2675,649,1537,552,517,2445,0,0,523,231,2859,2816,736,1090,2429,669,558,2454,2855,1042,618,241,1186,575,603,838,1252,701,654,2725,703,1178,241,1210,2100,2442,2575,2441,618,1090,564,1174,183,852,843,1311,1179,107,2672,1038,646,2720,652,2456,2810,2594,870,2839,212,606,777,1529,866,654,576,1116,688,827,682,121,307,579,1288,2236,228,1252,872,918,1054,1209,629,316
906,1777,909,1558,1893,1375,1270,2253,1091,1382,1271,1794,2155,1000,2171,1777,755,1372,2197,1104,800,22,1101,2149,0,627,0,694,1795,1865,1354,1546,2133,219,499,2158,1807,778,1377,372,685,1193,1188,1423,987,1157,1110,2248,1158,686,302,945,1803,2145,2279,2145,1202,1675,836,1411,620,1436,1427,1046,1417,717,2194,774,1231,2242,152,2159,2332,2116,1455,1885,328,1191,1362,1051,1564,1238,1032,670,251,1411,223,589,410,214,1743,1759,421,1708,1457,1156,1639,700,1401,771
1425,2296,205,1326,3055,670,1038,2779,2144,580,1256,2313,2675,1487,2690,1545,1242,668,2723,872,1760,600,328,2668,0,232,571,0,3082,3039,696,1313,2652,717,606,2677,3077,1265,575,289,1234,798,560,718,1474,924,877,2773,925,1311,289,1432,2323,2665,2798,2664,575,970,787,1396,75,732,723,1534,1402,196,2720,1261,603,2768,700,2679,2858,2642,750,3062,260,563,658,1577,1089,534,799,1164,736,707,730,344,355,712,1510,2284,276,1475,752,1141,934,1249,586,539
1661,787,3151,3039,100,3679,2743,527,1117,3249,2245,773,401,2084,460,3248,1896,3392,592,2759,1755,2220,3405,435,0,2857,2241,3080,0,72,3220,3026,456,2022,2278,404,14,1824,3244,2843,1111,3060,3258,3520,2071,2805,2736,747,2643,1127,2810,1919,759,412,314,434,3289,3797,2390,2385,3031,3483,3525,2131,2146,2881,589,1822,3318,769,2069,422,857,450,3552,92,2823,3249,3398,1160,2538,3542,2584,1575,1994,3506,2011,2809,2697,2368,3214,541,2804,3188,3496,2130,3761,1121,3268,2638
1620,747,3110,2998,40,3638,2702,557,1076,3208,2204,732,360,2043,419,3207,1855,3351,622,2718,1714,2290,3364,394,0,2817,2311,3039,73,0,3180,2985,415,2092,2348,363,68,1783,3203,2802,1181,3019,3217,3480,2031,2764,2695,776,2602,1197,2769,1878,718,371,274,393,3249,3756,2349,2344,2990,3442,3484,2090,2106,2840,618,1781,3277,798,2139,381,886,480,3511,35,2782,3208,3357,1230,2497,3501,2544,1645,2064,3465,2081,2769,2656,2327,3173,611,2763,3147,3455,2089,3720,1191,3227,2597
1527,2398,526,610,3157,706,546,4046,2247,320,1359,2415,2777,1589,2793,807,1344,513,3989,463,1862,1221,841,2770,0,723,1191,679,3184,3142,0,609,2754,1338,1226,2779,3180,1367,323,910,2701,246,338,570,1577,395,474,4040,582,2692,909,1535,2425,2767,2900,2766,370,847,889,1028,897,548,574,1636,1504,490,3986,1363,393,4034,1427,2781,4124,3908,602,3164,880,332,519,2197,862,640,625,1785,1357,568,1351,675,1055,1139,772,3551,896,779,561,1244,811,2720,342,641
1338,2209,1061,24,2968,1230,290,3857,2058,844,1019,2226,2588,1400,2604,245,1155,1037,3800,460,1673,1568,1374,2581,0,1070,1548,1293,2995,2952,608,0,2565,1685,1574,2590,2991,1178,847,1257,2512,579,863,1094,1388,487,436,3851,409,2503,1257,1346,2236,2578,2711,2577,894,1371,778,842,1244,1072,1099,1447,1030,1094,3797,1174,917,3845,1638,2592,3935,3719,1126,2975,1228,856,1043,3056,553,1164,542,2132,1704,1092,1698,1022,1266,1350,211,3362,1244,185,1085,895,1335,2531,866,778
1258,384,2748,2636,428,3276,2340,958,710,2846,1842,370,94,1681,110,2845,1493,2989,1249,2356,1352,2181,3002,87,0,2454,2160,2677,456,413,2817,2623,0,2114,2650,75,451,1421,2841,2440,967,2657,2855,3117,1668,2402,2333,1299,2240,982,2407,1516,356,84,141,83,2886,3394,1987,1982,2628,3080,3122,1728,1743,2478,1246,1419,2915,1294,2050,98,1383,881,3149,435,2420,2846,2995,1253,2135,3139,2181,1667,2086,3103,2103,2406,2294,1965,2811,810,2401,2785,3093,1727,3358,976,2865,2235
1625,2496,845,1744,2133,1310,1456,2079,1313,1223,1456,2513,2875,1687,2890,1963,1442,1308,2022,1290,1960,198,1037,2868,0,643,219,695,2036,2105,1539,1731,2852,0,285,2877,2047,1465,1219,405,864,1379,1204,1358,1674,1342,1295,2073,1344,865,416,1632,2523,2865,2998,2864,1218,1610,1022,1596,621,1372,1363,1734,1602,781,2019,1461,1247,2067,369,2879,2157,1941,1390,2125,431,1206,1298,876,1749,1174,1217,464,36,1347,10,775,471,433,1929,1584,442,1893,1392,1341,1574,879,1230,957
1507,2378,622,1626,3137,1087,1338,2332,2227,1000,1339,2395,2757,1569,2773,1845,1324,1085,2276,1172,1843,574,814,2750,0,420,545,472,3164,3122,1422,1614,2734,286,0,2759,3160,1347,996,209,1209,1261,981,1135,1557,1225,1178,2327,1226,1306,299,1515,2405,2747,2880,2746,995,1387,904,1479,398,1149,1140,1616,1484,558,2273,1343,1024,2321,674,2761,2411,2195,1167,3144,235,983,1075,1130,1632,951,1100,717,290,1124,284,444,353,706,1811,1838,246,1776,1169,1224,1351,1223,1007,839
1251,377,2741,2629,376,3269,2333,906,974,2839,1835,363,7,1674,64,2838,1486,2982,971,2349,1345,2174,2995,39,0,2447,2153,2670,403,361,2810,2616,73,2175,2643,0,399,1414,2834,2433,1028,2650,2848,3110,1661,2395,2326,1125,2233,1043,2400,1509,349,9,119,9,2879,3387,1980,1975,2621,3073,3115,1721,1736,2471,967,1412,2908,1281,2043,26,1371,829,3142,383,2413,2839,2988,1314,2128,3132,2174,1728,2148,3096,2164,2399,2287,1958,2804,872,2394,2778,3086,1720,3351,1037,2858,2228
1656,783,3147,3034,96,3675,2738,523,1113,3244,2241,768,396,2080,456,3244,1891,3388,588,2755,1750,2226,3401,430,0,2853,2247,3075,9,68,3216,3022,452,2028,2284,400,0,1819,3240,2839,1118,3056,3253,3516,2067,2801,2732,743,2639,1133,2805,1915,755,407,310,430,3285,3793,2386,2381,3027,3479,3520,2126,2142,2876,585,1817,3314,765,2076,417,853,446,3548,88,2819,3245,3394,1167,2534,3538,2580,1581,2001,3502,2017,2805,2693,2364,3209,547,2800,3184,3492,2126,3757,1127,3264,2634
179,1050,1316,1203,1809,1843,907,2698,899,1413,410,1067,1429,273,1445,1413,53,1557,2641,924,514,850,1570,1422,0,1022,828,1244,1836,1793,1385,1191,1406,1329,1217,1431,1832,0,1408,1008,1353,1225,1422,1685,260,970,901,2692,808,1343,974,204,1077,1419,1552,1418,1454,1962,555,550,1196,1648,1689,319,335,1045,2638,15,1483,2686,719,1433,2776,2560,1717,1816,988,1414,1563,1897,703,1707,749,2299,1348,1671,1342,974,862,563,1378,2203,969,1353,1661,295,1926,1372,1433,803
1567,2438,377,847,3197,387,783,3290,2287,9,1399,2455,2817,1629,2833,1044,1384,190,3233,700,1902,1111,519,2810,0,620,1081,614,3224,3181,320,846,2794,1228,1116,2819,3220,1407,0,800,2741,481,19,251,1617,632,711,3284,819,2732,799,1574,2465,2807,2940,2806,43,528,929,1539,679,229,255,1676,1544,496,3230,1403,74,3278,1211,2821,3368,3152,283,3204,770,10,196,2087,1231,317,941,1675,1247,249,1241,715,865,1156,1009,2795,786,1016,242,1283,492,2760,23,681
1303,2174,444,1285,2933,909,997,2570,2022,822,1134,2191,2553,1365,2569,1504,1120,907,2513,831,1638,391,636,2546,0,242,361,294,2960,2917,918,1272,2530,508,211,2555,2956,1143,818,0,1025,757,803,958,1352,883,837,2564,885,1102,65,1310,2201,2543,2676,2542,817,1209,700,1274,220,971,962,1412,1280,380,2511,1139,846,2558,491,2557,2648,2432,989,2940,30,805,897,1367,1428,773,758,955,527,946,521,266,145,502,1470,2075,41,1435,991,1019,1173,1040,829,498
1177,1051,2667,2555,1209,1939,2259,1353,456,2765,1762,912,1048,1601,1064,2765,1412,2909,1297,2276,481,704,1665,1042,0,1191,685,1354,1112,1181,2737,2543,967,865,1219,1029,1123,1340,2760,1120,0,2576,2774,3037,1588,2322,2253,1347,2160,19,1086,1435,921,1038,1058,1038,2806,2239,1907,1901,1279,3000,3041,1647,1663,2397,1294,1338,2835,1342,544,1052,1432,1216,3069,1201,1100,2766,2914,552,2055,1802,2101,955,1374,3022,860,2326,974,626,2730,858,1081,2705,3013,1646,2203,21,2784,2155
1290,2161,685,580,2920,1094,363,3809,2010,481,940,2179,2540,1353,2556,777,1108,628,3753,181,1626,1077,820,2533,0,579,1048,802,2948,2905,253,579,2518,1194,1083,2542,2943,1131,484,766,2464,0,499,731,1340,163,196,3803,304,2455,766,1298,2188,2530,2664,2529,531,1008,652,762,753,709,735,1399,951,436,3750,1127,554,3797,1190,2544,3887,3672,763,2928,737,493,634,2054,652,957,360,1641,1214,729,1207,531,818,902,742,3314,753,749,722,816,972,2484,503,327
1579,2450,362,862,3209,373,798,3275,2299,20,1411,2467,2829,1641,2845,1058,1396,174,3218,714,1915,1096,503,2822,0,605,1066,599,3236,3194,335,861,2806,1213,1101,2831,3232,1419,17,785,2753,495,0,237,1629,647,726,3269,834,2744,784,1587,2477,2819,2952,2818,35,514,941,1551,664,216,242,1688,1557,481,3216,1415,60,3263,1196,2833,3353,3137,269,3216,755,8,180,2072,1243,302,953,1660,1232,235,1226,718,850,1141,1024,2780,771,1031,229,1296,478,2772,28,693
1848,2719,598,1097,3478,153,1034,3454,2568,256,1680,2737,3098,1910,3114,1294,1665,119,3398,950,2184,1275,479,3091,0,851,1246,731,3505,3463,571,1096,3075,1392,1281,3100,3501,1688,254,964,1909,785,241,0,1898,883,962,3448,1069,3013,963,1856,2746,3088,3221,3087,206,294,1210,1820,795,20,14,1957,1826,768,3395,1685,188,3442,1375,3102,3532,3317,26,3485,935,244,111,2251,1512,198,1222,1839,1411,20,1405,964,1029,1386,1260,2959,951,1266,20,1565,258,1924,232,962
440,1311,1539,1289,2070,2067,994,2958,1159,1637,496,1328,1690,39,1705,1499,290,1780,2902,1010,775,1330,1794,1683,0,1246,1308,1468,2097,2054,1609,1277,1667,1552,1441,1692,2092,275,1632,1231,1613,1448,1646,1909,0,1056,987,2952,894,1604,1198,183,1337,1680,1813,1679,1678,2185,779,266,1419,1871,1913,50,67,1269,2899,285,1706,2947,982,1693,3037,2821,1940,2077,1211,1637,1786,2157,419,1930,835,2560,1571,1894,1565,1198,1086,787,1464,2464,1192,1439,1884,381,2149,1633,1656,1026
1129,2000,997,489,2759,1013,217,3647,1848,628,809,2017,2379,1191,2394,686,946,820,3591,67,1464,1201,981,2372,0,703,1181,926,2786,2743,392,488,2356,1318,1207,2381,2781,969,631,890,2302,163,646,878,1178,0,79,3641,186,2293,890,1136,2026,2368,2502,2368,678,1155,457,632,877,856,882,1237,820,727,3588,965,701,3636,1271,2382,3726,3510,910,2766,861,640,826,2846,466,1118,229,1765,1337,876,1331,655,899,983,651,3153,877,623,869,686,1119,2322,650,411
1051,1922,928,449,2681,1456,168,3570,1771,697,732,1939,2301,1113,2317,668,868,889,3513,26,1386,1133,1183,2294,0,635,1112,857,2708,2666,461,436,2278,1250,1138,2303,2704,891,700,822,2225,196,715,947,1101,69,0,3564,108,2216,821,1059,1949,2291,2424,2290,747,1224,380,555,809,925,951,1160,743,658,3510,887,770,3558,1203,2305,3648,3432,979,2688,792,709,895,2769,389,1320,152,1697,1269,945,1263,587,830,915,633,3075,808,598,938,608,1188,2244,719,342
2917,1417,2876,4295,787,3342,3999,223,2195,3254,3501,1387,1122,3340,1396,4504,3152,3339,165,3321,2220,2257,3068,1373,0,2674,2278,2727,747,775,3571,4283,1298,2059,2315,1125,742,3080,3250,2436,1748,3410,3235,3390,3328,4061,3993,0,3899,1755,2448,3175,1388,1370,1036,1369,3249,3642,3647,3641,2652,3403,3394,3387,3403,2812,162,3078,3278,24,2106,1384,114,329,3422,779,2462,3238,3329,1198,3794,3205,3841,1612,2031,3378,2048,2806,2502,2261,4470,491,2473,4445,3424,3386,3606,1739,3261,2988
956,1827,974,422,2586,1502,122,3475,1675,800,637,1844,2206,1018,2222,632,773,1215,3418,134,1291,1179,1229,2199,0,681,1158,903,2613,2570,564,410,2183,1296,1184,2208,2609,796,803,868,2130,304,818,1050,1006,172,109,3469,0,2120,867,963,1854,2196,2329,2195,850,1327,347,460,855,1028,1054,1065,648,704,3415,792,872,3463,1249,2210,3553,3337,1081,2593,838,811,1221,2674,282,1366,109,1743,1315,1047,1309,633,877,961,597,2980,854,572,1041,513,1290,2149,822,388
1168,1042,1458,2546,1225,1924,2250,1369,446,2756,1752,902,1064,1591,1080,2755,1403,2899,1313,2266,471,705,1650,1058,0,1176,686,1339,1127,1197,2728,2533,983,866,1314,1045,1139,1331,2751,1105,19,2567,2765,1972,1579,2312,2243,1363,2150,0,1071,1426,912,1054,1074,1053,2797,2223,1897,1892,1264,2990,1976,1638,1654,2388,1310,1329,2825,1358,545,1068,1447,1232,2003,1217,1084,2756,2905,559,2045,1787,2092,961,1380,1960,862,1138,959,610,2721,874,1065,2695,2005,1637,2187,34,2775,2145
1270,2141,446,1388,2900,911,1101,2478,1989,824,1101,2158,2520,1332,2535,1608,1087,909,2421,934,1605,358,638,2513,0,244,328,296,2927,2884,920,1376,2497,416,304,2522,2922,1110,819,39,992,759,805,959,1319,987,940,2472,988,1068,0,1277,2167,2509,2643,2509,819,1211,667,1241,222,973,964,1378,1247,382,2418,1106,848,2466,457,2523,2556,2340,991,2907,42,807,899,1275,1394,775,862,863,435,948,429,268,112,469,1573,1983,18,1538,993,986,1175,1006,831,602
261,1132,1484,1372,1891,2012,1076,2780,981,1582,578,1149,1511,159,1527,1581,232,1725,2723,1092,597,1275,1738,1504,0,1190,1253,1413,1918,1876,1553,1359,1488,1497,1386,1513,1914,204,1577,1176,1435,1393,1591,1854,176,1138,1069,2774,976,1426,1143,0,1159,1501,1634,1500,1623,2130,723,718,1364,1816,1858,206,273,1214,2721,213,1651,2768,910,1515,2858,2642,1885,1898,1156,1582,1731,1979,871,1875,918,2381,1516,1839,1510,1143,1030,732,1547,2285,1137,1521,1829,463,2094,1454,1601,971
901,28,2391,2279,732,2919,1983,1395,624,2489,1485,16,352,1324,367,2488,1136,2632,1338,1999,995,1824,2646,345,0,2098,1803,2320,759,716,2461,2266,329,2404,2293,354,754,1064,2484,2083,1078,2300,2498,2761,1312,2045,1976,1389,1883,1069,2050,1159,0,342,475,341,2530,3037,1631,1625,2271,2723,2765,1371,1387,2121,1335,1062,2558,1383,1693,356,1473,1257,2792,739,2063,2489,2638,1309,1778,2782,1825,2024,2423,2746,2417,2050,1938,1608,2454,900,2044,2428,2736,1370,3001,1098,2508,1878
1244,370,2734,2621,385,3262,2326,914,967,2831,1828,355,18,1667,63,2831,1478,2975,979,2342,1338,2167,2988,23,0,2440,2145,2663,412,369,2803,2609,66,2168,2635,10,407,1406,2827,2426,1021,2643,2840,3103,1654,2388,2319,1353,2226,1036,2392,1502,342,0,128,6,2872,3380,1973,1968,2614,3066,3108,1713,1729,2464,976,1404,2901,1348,2036,25,1438,837,3135,392,2406,2832,2981,1307,2121,3125,2167,1721,2141,3089,2157,2392,2280,1951,2796,865,2387,2771,3079,1713,3344,1030,2851,2221
1378,504,2868,2756,288,3396,2460,817,805,2966,1962,489,118,1801,177,2965,1613,3109,882,2476,1472,2301,3122,151,0,2574,2279,2797,315,272,2937,2743,144,2208,2769,121,311,1540,2961,2560,1061,2777,2974,3237,1788,2522,2453,1037,2360,1076,2526,1636,476,128,0,151,3006,3514,2107,2102,2748,3200,3242,1847,1863,2598,879,1538,3035,1059,2170,139,1147,740,3269,295,2540,2966,3115,1347,2255,3259,2301,1761,2181,3223,2198,2526,2414,2085,2930,789,2521,2905,3213,1847,3478,1070,2985,2355
1243,369,2733,2620,409,3261,2325,939,966,2831,1827,354,11,1666,56,2830,1478,2974,1004,2341,1337,2166,2987,31,0,2439,2144,2662,436,394,2802,2608,83,2185,2634,9,432,1405,2826,2425,1037,2642,2839,3102,1653,2387,2318,1158,2225,1053,2391,1501,341,6,152,0,2871,3379,1972,1967,2613,3065,3107,1712,1728,2463,1000,1403,2900,1314,2035,18,1404,862,3134,416,2405,2831,2980,1323,2120,3124,2166,1738,2157,3088,2174,2391,2279,1950,2795,881,2386,2770,3078,1712,3343,1047,2850,2220
1614,2485,376,894,3244,338,830,3289,2333,53,1445,2502,2864,1676,2880,1091,1431,140,3233,747,1949,1110,473,2857,0,620,1081,614,3271,3228,367,893,2841,1227,1116,2866,3267,1454,44,799,2788,527,34,203,1664,679,758,3283,866,2778,799,1621,2512,2854,2987,2853,0,479,976,1585,679,181,207,1723,1591,496,3230,1450,25,3278,1210,2868,3368,3152,234,3251,770,38,146,2087,1278,268,988,1674,1247,200,1240,732,865,1156,1056,2795,786,1063,194,1330,443,2807,29,728
2117,2988,832,1366,3747,261,1303,3688,2837,525,1949,3005,3367,2179,3383,1563,1934,388,3632,1219,2452,1509,713,3360,0,1085,1480,965,3774,3732,840,1365,3344,1626,1515,3369,3770,1957,523,1198,2143,1053,510,286,2167,1152,1231,3682,1338,2220,1198,2125,3015,3357,3490,3356,475,0,1479,2089,1030,300,291,2226,2094,1002,3629,1953,457,3677,1609,3371,3767,3551,319,3754,1169,513,379,2486,1781,432,1491,2073,1645,301,1639,1198,1264,1621,1529,3194,1185,1535,296,1834,68,2158,501,1231
716,1587,836,791,2346,1364,486,3234,1435,934,547,1604,1965,778,1981,1000,533,1077,3178,387,1051,735,1091,1959,0,543,713,765,2373,2330,906,779,1943,1021,910,1968,2368,556,929,700,1889,745,943,1206,765,451,382,3228,348,1880,667,723,1613,1955,2089,1955,975,1482,0,687,717,1168,1210,824,693,566,3175,552,1003,3223,637,1969,3312,3097,1237,2353,680,935,1083,2433,377,1228,238,1468,1040,1191,1034,495,554,455,966,2739,661,941,1181,432,1446,1909,953,324
709,1580,1446,713,2339,1974,564,3228,1429,1544,140,1597,1959,771,1975,922,526,1687,3171,580,1044,1237,1700,1952,0,1152,1215,1375,2366,2323,1515,701,1936,1459,1348,1961,2362,549,1539,1138,1883,751,1553,1815,265,626,557,3222,464,1873,1105,716,1607,1949,2082,1948,1585,2092,685,0,1326,1778,1820,253,186,1176,3168,545,1613,3216,987,1963,3306,3090,1847,2346,1118,1544,1693,2427,151,1837,405,2829,1478,1801,1472,1104,992,804,888,2733,1099,843,1791,263,2056,1902,1563,933
1377,2248,269,1278,3007,735,990,2705,2096,644,1208,2265,2627,1439,2642,1497,1194,732,2648,824,1712,526,395,2620,0,184,496,76,3034,2991,911,1265,2604,643,531,2629,3029,1217,640,215,1160,750,625,783,1426,876,829,2699,877,1237,214,1384,2274,2617,2750,2616,639,1035,739,1348,0,796,787,1485,1354,227,2646,1213,668,2693,626,2631,2783,2567,815,3014,185,628,722,1502,1041,598,751,1090,662,772,656,296,280,637,1462,2210,201,1427,817,1093,999,1175,651,491
1853,2724,602,1073,3483,169,1009,3457,2573,232,1685,2741,3103,1915,3119,1270,1670,95,3401,926,2188,1279,482,3096,0,854,1249,734,3510,3467,546,1072,3080,1396,1284,3105,3506,1693,229,968,1913,760,217,33,1903,858,937,3452,1045,3017,967,1860,2751,3093,3226,3092,181,310,1215,1824,799,0,37,1962,1830,771,3398,1689,164,3446,1378,3107,3536,3320,15,3490,938,220,86,2255,1517,202,1227,1843,1415,15,1409,967,1033,1390,1235,2963,954,1242,15,1569,274,1927,208,967
1849,2720,590,1098,3479,154,1034,3446,2569,257,1681,2737,3099,1911,3115,1295,1666,120,3390,951,2184,1267,471,3092,0,843,1238,723,3506,3463,572,1097,3076,1385,1273,3101,3502,1689,254,956,1902,785,242,12,1899,884,962,3440,1070,3013,956,1856,2747,3089,3222,3088,207,295,1211,1820,788,35,0,1958,1826,760,3387,1685,189,3435,1367,3103,3525,3309,27,3486,927,245,111,2244,1513,190,1223,1831,1404,32,1397,956,1022,1379,1260,2952,943,1267,29,1565,259,1916,233,963
451,1322,1550,1300,2081,2078,1005,2969,1170,1648,507,1339,1701,52,1716,1510,301,1791,2913,1021,786,1341,1805,1694,0,1257,1319,1479,2108,2065,1620,1288,1678,1563,1452,1703,2103,286,1643,1242,1624,1459,1657,1920,50,1067,998,2963,905,1615,1209,203,1348,1691,1824,1690,1689,2196,790,252,1430,1882,1924,0,65,1280,2910,296,1717,2958,993,1704,3048,2832,1951,2088,1222,1648,1797,2168,406,1941,846,2571,1582,1905,1576,1209,1097,798,1475,2475,1203,1450,1895,392,2160,1644,1667,1037
500,1371,1453,1179,2130,1981,883,3018,1219,1551,147,1388,1750,118,1766,1388,350,1694,2962,899,835,1243,1707,1743,0,1159,1222,1382,2157,2114,1522,1166,1727,1466,1354,1752,2153,335,1546,1145,1674,1071,1559,1822,67,945,876,3013,783,1664,1111,252,1398,1740,1873,1739,1591,2099,692,186,1333,1785,1827,66,0,1183,2959,345,1620,3007,1042,1754,3097,2881,1854,2137,1125,1551,1700,2217,339,1844,725,2620,1485,1808,1479,1111,999,847,1354,2524,1106,1031,1798,270,2063,1693,1570,940
1202,2073,211,1012,2832,740,815,2869,1921,501,1033,2090,2452,1264,2468,1209,1019,573,2812,649,1537,690,466,2445,0,107,660,196,2859,2816,507,1011,2429,807,695,2454,2855,1042,497,379,2376,436,482,788,1251,701,654,2863,702,2366,378,1209,2100,2442,2575,2441,496,1040,564,1173,230,801,792,1311,1179,0,2810,1038,525,2857,790,2456,2947,2731,820,2839,349,484,579,1666,866,603,576,1254,826,777,820,171,444,668,1175,2374,365,1252,822,918,1004,2395,508,316
2864,1364,2823,4242,629,3289,3946,66,2142,3201,3448,1334,965,3287,1024,4451,3099,3286,3,3268,2167,2204,3015,998,0,2621,2225,2674,589,618,3518,4230,1245,2006,2262,968,585,3027,3197,2383,1695,3357,3182,3337,3275,4008,3939,161,3846,1702,2395,3122,1335,975,878,998,3196,3589,3594,3588,2599,3350,3341,3334,3350,2759,0,3025,3225,183,2053,986,271,172,3369,621,2409,3185,3276,1144,3741,3152,3788,1559,1978,3325,1995,2753,2449,2208,4417,438,2420,4392,3371,3333,3552,1686,3208,2935
164,1035,1311,1199,1794,1839,903,2683,884,1409,405,1053,1414,281,1430,1408,49,1552,2626,919,500,837,1565,1407,0,1018,816,1240,1821,1779,1381,1186,1391,1324,1213,1416,1817,14,1404,1003,1338,1220,1418,1681,269,965,896,2677,803,1329,970,213,1062,1404,1537,1403,1450,1957,550,545,1191,1643,1685,328,344,1041,2624,0,1478,2671,706,1418,2761,2545,1712,1801,983,1409,1558,1882,698,1702,745,2284,1343,1666,1337,970,858,559,1374,2188,964,1348,1656,290,1921,1358,1428,798
1642,2513,404,916,3272,321,852,3317,2361,75,1473,2530,2892,1704,2908,1113,1459,115,3261,769,1977,1138,469,2885,0,648,1109,642,3299,3256,389,915,2869,1255,1144,2894,3295,1482,72,827,2816,550,60,185,1692,701,780,3311,888,2806,827,1649,2540,2882,3015,2881,24,462,1004,1613,707,163,189,1751,1619,524,3258,1478,0,3306,1238,2896,3396,3180,217,3279,798,63,121,2115,1306,243,1016,1702,1275,183,1268,760,893,1184,1078,2823,814,1085,176,1358,426,2835,51,756
2912,1412,2871,4290,810,3337,3994,246,2190,3249,3496,1382,1278,3335,1390,4499,3147,3334,188,3316,2215,2252,3063,1368,0,2669,2273,2722,770,798,3566,4278,1293,2054,2310,1355,765,3075,3245,2431,1743,3405,3230,3385,3323,4056,3987,24,3894,1750,2443,3170,1383,1365,1059,1364,3244,3637,3642,3636,2647,3398,3389,3382,3398,2807,185,3073,3273,0,2101,1379,91,352,3417,802,2457,3233,3324,1192,3789,3200,3836,1607,2026,3373,2043,2801,2497,2256,4465,486,2468,4440,3419,3381,3601,1734,3256,2983
798,1669,1000,1649,1745,1465,1361,2105,942,1472,914,1686,2048,983,2064,1868,758,1463,2049,1195,674,171,1192,2041,0,718,152,880,1647,1717,1444,1636,2025,371,684,2050,1658,723,1468,646,537,1284,1279,1513,971,1247,1200,2099,1248,538,459,915,1696,2038,2171,2037,1293,1765,927,1054,806,1527,1518,1030,1046,807,2046,709,1321,2094,0,2052,2184,1968,1545,1737,626,1281,1453,903,1207,1329,1122,589,393,1502,366,680,500,195,1833,1611,607,1798,1547,799,1729,552,1492,862
1257,384,2747,2635,397,3275,2339,927,980,2845,1841,369,22,1680,40,2844,1492,2988,992,2356,1351,2180,3002,15,0,2454,2159,2676,424,382,2817,2623,97,2199,2649,24,420,1420,2840,2440,1052,2656,2854,3117,1668,2401,2333,1146,2239,1068,2406,1515,356,25,140,19,2886,3394,1987,1981,2628,3079,3121,1727,1743,2477,988,1418,2915,1302,2049,0,1392,850,3149,404,2419,2846,2994,1338,2134,3139,2181,1752,2172,3102,2189,2406,2294,1964,2810,896,2400,2785,3092,1726,3357,1061,2864,2235
3000,1500,2959,4378,895,3425,4082,332,2278,3337,3584,1470,1366,3423,1478,4587,3235,3422,273,3404,2303,2340,3151,1456,0,2757,2361,2809,855,884,3653,4365,1381,2142,2398,1443,851,3163,3333,2519,1831,3493,3318,3473,3411,4144,4075,112,3982,1837,2530,3258,1471,1453,1144,1452,3332,3724,3729,3724,2735,3486,3477,3470,3486,2895,270,3161,3361,89,2189,1466,0,438,3504,887,2545,3320,3412,1280,3877,3288,3924,1695,2114,3461,2131,2889,2585,2344,4553,574,2556,4527,3506,3469,3688,1822,3344,3071
2786,1286,2745,4164,490,3211,3868,124,2064,3123,3370,1256,826,3209,885,4373,3021,3208,175,3190,2089,2126,2937,860,0,2543,2147,2596,450,479,3440,4152,830,1928,2184,829,446,2949,3119,2305,1617,3279,3104,3259,3197,3930,3862,330,3768,1624,2317,3044,1257,837,739,859,3118,3511,3516,3510,2521,3272,3263,3256,3272,2681,172,2947,3147,352,1975,847,440,0,3291,482,2331,3107,3198,1067,3663,3074,3710,1481,1900,3247,1917,2675,2371,2130,4339,360,2342,4314,3293,3255,3475,1608,3130,2857
1877,2748,618,1126,3507,181,1062,3474,2596,284,1708,2765,3127,1939,3142,1322,1694,148,3418,978,2212,1295,499,3120,0,871,1266,751,3534,3491,599,1125,3104,1412,1301,3129,3529,1717,282,984,1929,813,269,27,1926,911,990,3468,1098,3041,983,1884,2774,3116,3250,3116,234,323,1238,1848,815,15,28,1985,1854,788,3415,1713,217,3462,1395,3130,3552,3337,0,3514,955,273,139,2271,1541,218,1251,1859,1431,59,1425,984,1049,1406,1288,2979,971,1295,3,1593,287,1944,261,990
1641,767,3131,3019,9,3659,2723,560,1097,3229,2225,753,381,2064,440,3228,1876,3372,625,2739,1735,2310,3385,415,0,2837,2330,3060,93,36,3200,3006,436,2111,3033,384,88,1803,3224,2823,1201,3040,3238,3500,2051,2785,2716,779,2623,1217,2789,1899,739,392,294,414,3269,3777,2370,2365,3011,3463,3505,2111,2126,2861,621,1802,3298,801,2159,402,889,483,3532,0,2803,3229,3378,1250,2518,3522,2564,1664,2084,3486,2101,2789,2677,2348,3194,630,2784,3168,3476,2110,3741,1210,3248,2618
1284,2155,409,1250,2914,875,963,2551,2003,787,1115,2172,2534,1346,2549,1469,1101,872,2494,796,1619,372,601,2527,0,207,342,260,2941,2898,883,1238,2511,489,236,2536,2936,1124,783,29,1006,723,768,923,1333,849,802,2545,850,1082,46,1291,2181,2523,2657,2523,782,1175,681,1255,185,936,927,1392,1261,345,2491,1120,811,2539,471,2537,2629,2413,955,2921,0,771,862,1348,1408,738,724,936,508,911,502,232,126,483,1435,2056,21,1400,957,1000,1139,1020,794,463
1571,2442,366,857,3201,376,793,3278,2291,15,1403,2459,2821,1633,2837,1053,1388,181,3222,709,1907,1100,509,2814,0,609,1070,603,3228,3186,330,856,2798,1217,1105,2823,3224,1411,9,789,2745,490,9,241,1621,642,721,3273,829,2736,788,1579,2469,2811,2944,2810,38,518,933,1543,668,219,245,1680,1549,485,3219,1407,63,3267,1199,2825,3357,3141,272,3208,759,0,187,2076,1235,308,945,1664,1236,238,1229,721,854,1145,1019,2784,775,1025,232,1288,481,2764,24,685
1722,2593,526,1044,3352,244,980,3382,2441,202,1553,2610,2972,1784,2987,1240,1539,6,3325,896,2057,1203,407,2965,0,779,1173,659,3379,3336,517,1043,2949,1320,1208,2974,3374,1562,198,892,2895,673,183,109,1771,829,908,3376,1222,2886,891,1729,2619,2961,3095,2961,147,386,1084,1693,723,87,113,1830,1699,580,3323,1558,122,3370,1303,2975,3460,3244,140,3359,862,187,0,2179,1386,124,1096,1767,1339,106,1333,891,957,1314,1206,2887,878,1213,100,1438,349,2915,185,835
1720,1594,1680,3098,1257,2145,2802,1202,999,2058,2305,1455,1333,2144,1349,3308,1955,2142,1146,2124,1024,1060,1872,1326,0,1478,1081,1530,1159,1229,2374,3086,1251,862,1118,1314,1170,1883,2053,1240,551,2213,2038,2193,2131,2865,2796,1196,2703,558,1251,1979,1464,1323,1343,1322,2053,2445,2450,2445,1455,2206,2197,2190,2206,1616,1143,1881,2081,1191,910,1337,1281,1065,2225,1249,1265,2041,2132,0,2598,2008,2644,415,835,2182,851,1610,1306,1064,3273,708,1276,3248,2227,2189,2409,542,2064,1792
853,1724,1140,566,2483,1667,340,3371,1572,1237,283,1741,2103,915,2118,775,670,1381,3315,414,1188,1380,1394,2096,0,846,1359,1068,2510,2467,843,553,2080,1461,1350,2105,2505,693,1233,1033,2026,637,1246,1509,409,452,389,3365,282,2017,1032,860,1750,2092,2226,2092,1278,1786,375,152,1020,1472,1513,396,330,869,3312,689,1307,3360,1131,2106,3450,3234,1541,2490,1004,1238,1387,2570,0,1531,291,2973,1480,1495,1474,798,1136,948,740,2877,1019,696,1485,407,1750,2046,1257,553
1865,2736,401,1166,3495,138,1478,3256,2585,325,1697,2753,3115,1927,3131,1363,1682,134,3200,1312,2201,1078,281,3108,0,653,1048,533,3522,3480,639,1165,3092,1195,1083,3117,3518,1705,320,767,1712,951,305,186,1915,1112,1318,3251,1366,1788,766,1873,2763,3105,3238,3104,270,437,1227,1837,598,189,190,1974,1843,570,3197,1701,244,3245,1177,3119,3335,3119,217,3502,737,309,124,2054,1529,0,1239,1642,1214,173,1207,766,832,1189,1328,2762,753,1335,219,1582,401,1726,308,979
899,1770,849,556,2529,1377,250,3417,1618,947,579,1787,2148,961,2164,765,716,1091,3361,174,1234,1054,1104,2142,0,556,1033,778,2556,2513,598,543,2126,1171,1059,2151,2551,739,942,743,2072,345,956,1219,948,220,151,3411,109,2063,742,906,1796,2138,2272,2138,988,1496,237,402,730,1182,1223,1007,590,579,3358,735,1017,3406,1124,2152,3495,3280,1251,2536,713,948,1097,2616,291,1241,0,1618,1190,1204,1184,508,752,836,730,2922,729,705,1195,456,1460,2092,966,263
2124,1998,1268,2166,1673,1733,1879,1618,1402,1646,2708,1858,1749,2547,1764,2386,2359,1730,1562,1712,1427,648,1460,1742,0,1066,669,1118,1575,1645,1962,2154,1667,450,706,1729,1586,2287,1641,828,955,1801,1626,1781,2534,1765,1718,1612,1766,961,839,2382,1868,1739,1758,1738,1641,2033,1445,2848,1043,1794,1785,2594,2610,1204,1559,2285,1669,1607,599,1753,1696,1481,1813,1664,853,1629,1720,415,3001,1597,1640,0,423,1770,439,1198,894,830,2351,1123,864,2316,1815,2593,1997,946,1652,1380
1629,2500,849,1748,2100,1314,1460,2046,2348,1227,1460,2517,2879,1691,2894,1967,1446,1311,1989,1294,1964,230,1041,2872,0,647,251,699,2003,2072,1543,1735,2856,36,287,2881,2014,1469,1222,409,887,1383,1208,1362,1678,1346,1299,2040,1347,888,420,1636,2526,2868,3002,2868,1222,1614,1026,1600,624,1376,1367,1737,1606,785,1987,1465,1250,2034,392,2882,2124,1908,1394,2092,434,1210,1302,843,1753,1178,1221,431,0,1351,27,779,475,464,1932,1551,445,1897,1396,1345,1578,901,1234,961
1831,2702,575,1084,3461,165,1021,3431,2550,243,1662,2719,3080,1893,3096,1281,1648,106,3375,937,2166,1252,456,3074,0,828,1223,708,3488,3445,558,1083,3058,1369,1258,3083,3483,1671,241,941,3004,772,228,20,1880,870,949,3425,1056,2995,941,1838,2728,3070,3204,3070,193,306,1192,1802,773,14,32,1939,1808,745,3372,1667,175,3420,1352,3084,3509,3294,59,3468,912,231,98,2228,1494,174,1205,1816,1388,0,1382,941,1007,1364,1247,2936,928,1253,25,1547,270,1901,219,944
1632,2503,852,1751,2124,1318,1463,2070,1314,1230,1464,2520,2882,1694,2898,1970,1449,1315,2013,1297,1967,203,1044,2875,0,650,223,702,2026,2096,1546,1739,2859,10,284,2884,2038,1472,1226,412,865,1386,1211,1366,1682,1349,1303,2064,1351,867,423,1639,2530,2872,3005,2871,1225,1617,1029,1603,628,1379,1370,1741,1609,788,2010,1468,1254,2058,371,2886,2148,1932,1397,2116,438,1213,1305,867,1757,1181,1224,455,27,1354,0,782,478,437,1936,1575,449,1901,1399,1348,1581,880,1237,964
1149,2020,432,1049,2779,897,762,2755,1868,711,980,2037,2399,1211,2414,1269,966,895,2699,595,1484,576,624,2392,0,116,547,339,2806,2763,683,1037,2376,693,582,2401,2801,989,706,265,2323,522,711,945,1198,648,601,2749,649,2313,265,1156,2046,2389,2522,2388,725,1197,511,1120,290,959,950,1257,1126,196,2696,985,753,2744,668,2402,2834,2618,977,2786,236,713,885,1553,813,761,523,1140,713,934,706,0,295,528,1234,2261,252,1199,979,865,1161,2342,737,263
1158,2029,529,1277,2788,995,990,2529,1878,1101,990,2047,2408,1220,2424,1496,975,992,2473,823,1494,351,721,2401,0,216,407,380,2815,2773,1073,1265,2385,467,356,2410,2811,998,1096,145,972,912,777,1043,1208,876,829,2523,877,957,112,1166,2056,2398,2531,2397,791,1295,555,1130,305,1056,1047,1267,1136,436,2470,995,820,2518,497,2412,2608,2392,1075,2795,125,780,982,1327,1283,858,751,914,486,1031,480,308,0,357,1462,2035,106,1427,1077,875,1259,988,803,490
711,1582,859,1508,2341,1324,1220,2267,1430,1331,763,1599,1961,800,1976,1727,555,1322,2211,1054,605,235,1051,1954,0,577,213,740,2368,2325,1303,1495,1938,432,715,1963,2363,578,1327,505,625,1143,1138,1372,787,1106,1059,2262,1108,610,472,745,1609,1951,2084,1950,1152,1624,456,903,665,1386,1377,847,862,667,2208,574,1180,2256,198,1965,2346,2130,1404,2348,485,1140,1312,1065,1056,1188,981,779,464,1361,436,539,359,0,1692,1773,466,1657,1406,648,1588,641,1351,721
1523,2394,1223,187,3153,1392,475,4042,2243,1006,1204,2412,2773,1585,2789,43,1341,1199,3985,656,1859,1764,1536,2766,0,1266,1743,1488,3180,3138,770,208,2751,1881,1769,2775,3176,1364,1009,1453,2697,741,1025,1256,1573,649,632,4036,595,2688,1452,1531,2421,2763,2896,2762,1056,1533,963,1027,1440,1234,1261,1632,1215,1187,3983,1360,1079,4030,1834,2777,4120,3904,1288,3160,1423,1018,1205,3241,739,1326,727,2328,1900,1254,1894,1218,1461,1546,0,3547,1439,130,1247,1080,1497,2717,1028,973
2429,929,2388,3807,643,2854,3511,501,1707,2767,3013,899,892,2852,908,4016,2664,2851,445,2833,1733,1769,2580,885,0,2186,1790,2239,545,615,3083,3795,810,1571,1827,873,556,2592,2762,1948,1260,2922,2747,2902,2840,3573,3505,495,3411,1267,1960,2687,900,882,834,881,2761,3154,3159,3153,2164,2915,2906,2899,2915,2324,442,2590,2790,490,1618,896,580,364,2934,635,1974,2750,2841,710,3306,2717,3353,1124,1543,2890,1560,2318,2014,1773,3982,0,1985,3957,2936,2898,3118,1251,2773,2500
1264,2135,425,1266,2894,890,978,2531,1984,803,1096,2152,2514,1326,2530,1485,1081,888,2475,812,1599,352,617,2507,0,223,323,275,2921,2878,899,1253,2491,469,358,2516,2917,1104,799,41,986,738,784,939,1314,864,818,2525,866,1063,26,1272,2162,2504,2637,2503,798,1190,661,1236,201,952,943,1373,1241,361,2472,1100,827,2520,452,2518,2609,2394,970,2901,21,786,878,1328,1389,754,739,916,488,927,482,247,106,463,1451,2036,0,1416,972,980,1154,1001,810,479
1501,2371,1526,186,3131,1400,452,4019,2220,1014,1181,2389,2750,1563,2766,137,1318,1206,3963,623,1836,1731,1543,2744,0,1233,1710,1455,3158,3115,778,184,2728,1848,1736,2752,3153,1341,1017,1420,2674,749,1032,1264,1550,624,599,4013,572,2665,1419,1508,2398,2740,2874,2739,1064,1541,940,1004,1407,1242,1268,1609,1192,1256,3960,1337,1087,4007,1801,2754,4097,3882,1296,3138,1390,1026,1212,3218,716,1334,704,2295,1867,1262,1861,1185,1428,1513,131,3524,1406,0,1255,1057,1505,2694,1036,940
1857,2728,607,1077,3487,162,1013,3463,2577,236,1689,2746,3107,1919,3123,1274,1674,94,3407,930,2193,1284,488,3100,0,860,1255,740,3514,3472,550,1076,3084,1401,1290,3109,3510,1697,233,973,1918,759,221,23,1907,862,941,3457,1049,3022,973,1865,2755,3097,3230,3096,186,303,1219,1829,805,15,31,1966,1835,777,3404,1694,168,3451,1384,3111,3541,3326,3,3494,944,224,85,2260,1521,207,1232,1848,1420,26,1414,973,1038,1395,1239,2968,960,1246,0,1574,267,1933,212,971
454,1325,1190,909,2084,1718,613,2972,1173,1288,124,1342,1704,516,1719,1118,271,1432,2916,630,789,981,1445,1697,0,897,960,1119,2111,2068,1260,897,1681,1204,1092,1706,2106,294,1283,883,1627,801,1297,1560,503,676,607,2966,514,1618,849,461,1351,1693,1827,1693,1329,1837,430,264,1071,1523,1564,562,269,920,2913,290,1358,2961,732,1707,3051,2835,1592,2091,863,1289,1438,2171,417,1582,455,2574,1223,1545,1217,849,737,549,1084,2477,844,1059,1536,0,1801,1647,1307,678
2091,2962,806,1340,3721,168,1276,3662,2810,499,1922,2979,3341,2153,3357,1537,1908,362,3606,1193,2426,1483,687,3334,0,1059,1454,939,3748,3705,813,1339,3318,1600,1489,3343,3744,1931,496,1172,2117,1027,484,260,2140,1125,1204,3656,1312,2194,1172,2098,2989,3331,3464,3330,448,69,1453,2062,1004,274,265,2200,2068,976,3603,1927,431,3651,1583,3345,3740,3525,292,3728,1143,487,353,2459,1755,406,1465,2047,1619,275,1613,1172,1237,1595,1502,3167,1159,1509,269,1807,0,2132,475,1205
1197,1071,1489,2575,1219,1954,2279,1362,475,2785,1781,931,1058,1620,1074,2784,1432,2928,1306,2295,500,718,1681,1051,0,1207,699,1369,1121,1191,2756,2562,976,879,1233,1039,1132,1359,2780,1135,20,2596,2793,2002,1607,2341,2272,1357,2179,34,1102,1455,941,1048,1068,1047,2825,2254,1926,1921,1295,3019,2007,1666,1682,2417,1303,1357,2854,1351,558,1062,1441,1225,2034,1211,1115,2785,2934,543,2074,1818,2120,946,1365,3042,874,1169,989,641,2749,868,1096,2724,2036,1666,2218,0,2804,2174
1595,2466,389,867,3225,364,803,3302,2315,25,1427,2483,2845,1657,2861,1063,1412,179,3246,719,1931,1123,508,2838,0,632,1094,627,3252,3210,340,866,2822,1240,1129,2847,3248,1435,23,812,2769,500,30,228,1645,652,731,3296,839,2760,812,1603,2493,2835,2968,2834,29,505,957,1567,691,207,233,1704,1573,509,3243,1431,51,3291,1223,2849,3380,3165,260,3232,783,26,185,2099,1259,307,969,1687,1259,226,1253,743,877,1169,1029,2807,799,1036,219,1312,469,2788,0,709
964,1835,590,792,2594,1118,504,3483,1684,688,796,1853,2214,1027,2230,1011,782,831,3427,338,1300,794,844,2207,0,296,774,519,2622,2579,659,780,2192,911,800,2216,2617,805,683,483,2138,325,696,959,1014,391,344,3477,392,2129,483,972,1862,2204,2338,2203,728,1236,326,936,470,922,964,1073,942,320,3424,801,757,3471,864,2218,3561,3346,991,2602,454,688,837,1770,555,981,266,1358,930,945,924,248,492,576,977,2988,470,942,935,681,1200,2158,707,0
